A,D,alpha,offset,min,max,link
0.032,0,90,0,-22,84,0
0,-0.0055,90,-90,-39,39,1
0.0233647,-0.1433,-90,105,-59,59,2
0,0.10774,-90,90,-95.5,5,3
0,0,90,-90,0,160.8,4
0.015,0.15228,-90,75,-37,100,5
-0.015,0,90,0,5.5,106,6
0,0.1413,90,-90,-50,50,7
0,0,90,90,-65,10,8
0.0625,-0.02598,0,0,-25,25,9
